{"items":[{"buildingName":"EatingHoney","level":1,"sceneName":"Planet2","placed":true,"isInOtherBuilding":false,"position":{"x":3.164870262145996,"y":-1.494522213935852},"rotation":{"x":0.0,"y":0.0,"z":-0.8446911573410034,"w":0.5352540016174316},"prefab":{"instanceID":44666}},{"buildingName":"EatingHoney","level":1,"sceneName":"Planet2","placed":true,"isInOtherBuilding":false,"position":{"x":2.3642821311950685,"y":2.580730676651001},"rotation":{"x":0.0,"y":0.0,"z":-0.3623867928981781,"w":0.9320278167724609},"prefab":{"instanceID":44666}},{"buildingName":"EatingHoney","level":1,"sceneName":"Planet2","placed":true,"isInOtherBuilding":false,"position":{"x":-1.4968395233154297,"y":3.1637749671936037},"rotation":{"x":0.0,"y":0.0,"z":0.21916243433952332,"w":0.9756883978843689},"prefab":{"instanceID":44666}}]}