{"items":[{"buildingName":"BuildingHoney","level":1,"sceneName":"","placed":true,"isInOtherBuilding":false,"position":{"x":-3.227037191390991,"y":-1.3550761938095093},"rotation":{"x":0.0,"y":0.0,"z":-0.8328158855438232,"w":-0.5535500645637512},"prefab":{"instanceID":44664}},{"buildingName":"EnergyHoney","level":1,"sceneName":"","placed":true,"isInOtherBuilding":false,"position":{"x":-1.773320198059082,"y":3.017504930496216},"rotation":{"x":0.0,"y":0.0,"z":0.262541264295578,"w":0.9649207592010498},"prefab":{"instanceID":44662}},{"buildingName":"EatingHoney","level":1,"sceneName":"","placed":true,"isInOtherBuilding":false,"position":{"x":3.484907865524292,"y":0.3246808648109436},"rotation":{"x":0.0,"y":0.0,"z":-0.6735109090805054,"w":0.7391772866249085},"prefab":{"instanceID":44666}}]}