{"items":[{"buildingName":"BuildingHoney","level":2,"income":0,"sceneName":"","placed":true,"isInOtherBuilding":false,"position":{"x":-3.4994306564331056,"y":0.06313392519950867},"rotation":{"x":0.0,"y":0.0,"z":0.7007002830505371,"w":0.7134557366371155},"prefab":{"instanceID":44664}}]}