{"items":[{"buildingName":"BuildingHoney","level":1,"income":1,"sceneName":"","placed":true,"isInOtherBuilding":false,"position":{"x":3.4971694946289064,"y":0.14073090255260468},"rotation":{"x":0.0,"y":0.0,"z":-0.6927449703216553,"w":0.721182644367218},"prefab":{"instanceID":45988}}]}