{"items":[{"buildingName":"EnergyHoney","level":1,"sceneName":"","placed":true,"isInOtherBuilding":false,"position":{"x":-3.4375431537628176,"y":0.6582529544830322},"rotation":{"x":0.0,"y":0.0,"z":0.6371528506278992,"w":0.7707374691963196},"prefab":{"instanceID":44662}},{"buildingName":"BuildingHoney","level":1,"sceneName":"","placed":true,"isInOtherBuilding":false,"position":{"x":1.9785641431808472,"y":-2.8870890140533449},"rotation":{"x":0.0,"y":0.0,"z":-0.9552179574966431,"w":0.2959030866622925},"prefab":{"instanceID":44664}},{"buildingName":"EatingHoney","level":1,"sceneName":"","placed":true,"isInOtherBuilding":false,"position":{"x":-2.8816399574279787,"y":-1.986492395401001},"rotation":{"x":0.0,"y":0.0,"z":-0.8853160738945007,"w":-0.46498969197273257},"prefab":{"instanceID":44666}}]}