{"items":[{"buildingName":"BuildingHoney","level":2,"income":0,"sceneName":"","placed":true,"isInOtherBuilding":false,"position":{"x":-3.4994306564331056,"y":0.06313392519950867},"rotation":{"x":0.0,"y":0.0,"z":0.7007002830505371,"w":0.7134557366371155},"prefab":{"instanceID":44664}},{"buildingName":"BuildingHoney","level":1,"income":1,"sceneName":"","placed":true,"isInOtherBuilding":false,"position":{"x":2.4993515014648439,"y":-2.4501514434814455},"rotation":{"x":0.0,"y":0.0,"z":-0.9219661951065064,"w":0.38727033138275149},"prefab":{"instanceID":44664}},{"buildingName":"EnergyHoney","level":3,"income":4,"sceneName":"","placed":true,"isInOtherBuilding":false,"position":{"x":-3.0988929271698,"y":-1.6269185543060303},"rotation":{"x":0.0,"y":0.0,"z":-0.8558136820793152,"w":-0.5172843337059021},"prefab":{"instanceID":44662}}]}